rank,items,rate-Directory creation,time-Directory creation,rate-Directory stat,time-Directory stat,rate-Directory read,time-Directory read,rate-Directory rename,time-Directory rename,rate-Directory removal,time-Directory removal,rate-File creation,time-File creation,rate-File stat,time-File stat,rate-File read,time-File read,rate-File removal,time-File removal,rate-Tree creation,time-Tree creation,rate-Tree removal,time-Tree removal
all,9687,,,,,,,,,,,,,1.1555937034e+04,2.6824652910e+01,,,,,,,,
0,,,,,,,,,,,,,,3.6606020516e+02,2.6462860107e+01,,,,
1,,,,,,,,,,,,,,3.6605120173e+02,2.6463510990e+01,,,,
2,,,,,,,,,,,,,,3.6612365724e+02,2.6458273888e+01,,,,
3,,,,,,,,,,,,,,3.6606243135e+02,2.6462699175e+01,,,,
4,,,,,,,,,,,,,,3.6608343472e+02,2.6461180925e+01,,,,
5,,,,,,,,,,,,,,3.6608003075e+02,2.6461426973e+01,,,,
6,,,,,,,,,,,,,,3.6605305515e+02,2.6463376999e+01,,,,
7,,,,,,,,,,,,,,3.6613522454e+02,2.6457437992e+01,,,,
8,,,,,,,,,,,,,,3.6609567571e+02,2.6460296154e+01,,,,
9,,,,,,,,,,,,,,3.6605629373e+02,2.6463142872e+01,,,,
10,,,,,,,,,,,,,,3.6610014547e+02,2.6459973097e+01,,,,
11,,,,,,,,,,,,,,3.6869693986e+02,2.6273611069e+01,,,,
12,,,,,,,,,,,,,,3.6856409900e+02,2.6283080816e+01,,,,
13,,,,,,,,,,,,,,3.6607525803e+02,2.6461771965e+01,,,,
14,,,,,,,,,,,,,,3.6605824284e+02,2.6463001966e+01,,,,
15,,,,,,,,,,,,,,3.6763993034e+02,2.6349150896e+01,,,,
16,,,,,,,,,,,,,,3.6113235988e+02,2.6823960066e+01,,,,
17,,,,,,,,,,,,,,3.6113027350e+02,2.6824115038e+01,,,,
18,,,,,,,,,,,,,,3.6112631585e+02,2.6824409008e+01,,,,
19,,,,,,,,,,,,,,3.6115341767e+02,2.6822396040e+01,,,,
20,,,,,,,,,,,,,,3.6115025243e+02,2.6822631121e+01,,,,
21,,,,,,,,,,,,,,3.6114328010e+02,2.6823148966e+01,,,,
22,,,,,,,,,,,,,,3.6114641633e+02,2.6822916031e+01,,,,
23,,,,,,,,,,,,,,3.6113781349e+02,2.6823554993e+01,,,,
24,,,,,,,,,,,,,,3.6112850811e+02,2.6824246168e+01,,,,
25,,,,,,,,,,,,,,3.6115706451e+02,2.6822125196e+01,,,,
26,,,,,,,,,,,,,,3.6117634970e+02,2.6820693016e+01,,,,
27,,,,,,,,,,,,,,3.6118001306e+02,2.6820420980e+01,,,,
28,,,,,,,,,,,,,,3.6137363143e+02,2.6806051016e+01,,,,
29,,,,,,,,,,,,,,3.6117222731e+02,2.6820999146e+01,,,,
30,,,,,,,,,,,,,,3.6116598290e+02,2.6821462870e+01,,,,
31,,,,,,,,,,,,,,3.6113412210e+02,2.6823829174e+01,,,,
