rank,items,rate-Directory creation,time-Directory creation,rate-Directory stat,time-Directory stat,rate-Directory read,time-Directory read,rate-Directory rename,time-Directory rename,rate-Directory removal,time-Directory removal,rate-File creation,time-File creation,rate-File stat,time-File stat,rate-File read,time-File read,rate-File removal,time-File removal,rate-Tree creation,time-Tree creation,rate-Tree removal,time-Tree removal
all,45699,,,,,,,,,,,,,,,,,8.8013725397e+03,1.6615226698e+02,,,1.6806412941e+01,1.9040350914e+00
0,,,,,,,,,,,,,,,,,,2.7670734327e+02,1.6515282702e+02
1,,,,,,,,,,,,,,,,,,2.7678489686e+02,1.6510655212e+02
2,,,,,,,,,,,,,,,,,,2.7707485263e+02,1.6493376994e+02
3,,,,,,,,,,,,,,,,,,2.7756660863e+02,1.6464156199e+02
4,,,,,,,,,,,,,,,,,,2.7705573818e+02,1.6494514894e+02
5,,,,,,,,,,,,,,,,,,2.7702026247e+02,1.6496627212e+02
6,,,,,,,,,,,,,,,,,,2.7684983617e+02,1.6506782389e+02
7,,,,,,,,,,,,,,,,,,2.7666372937e+02,1.6517886209e+02
8,,,,,,,,,,,,,,,,,,2.7640808285e+02,1.6533163404e+02
9,,,,,,,,,,,,,,,,,,2.7631607208e+02,1.6538668799e+02
10,,,,,,,,,,,,,,,,,,2.7646761149e+02,1.6529603505e+02
11,,,,,,,,,,,,,,,,,,2.7655494686e+02,1.6524383497e+02
12,,,,,,,,,,,,,,,,,,2.7652858643e+02,1.6525958705e+02
13,,,,,,,,,,,,,,,,,,2.7639082902e+02,1.6534195495e+02
14,,,,,,,,,,,,,,,,,,2.7654539741e+02,1.6524954104e+02
15,,,,,,,,,,,,,,,,,,2.7666675477e+02,1.6517705584e+02
16,,,,,,,,,,,,,,,,,,2.7560570016e+02,1.6581297112e+02
17,,,,,,,,,,,,,,,,,,2.7545912543e+02,1.6590120196e+02
18,,,,,,,,,,,,,,,,,,2.7551982578e+02,1.6586465192e+02
19,,,,,,,,,,,,,,,,,,2.7504330903e+02,1.6615201497e+02
20,,,,,,,,,,,,,,,,,,2.7550904520e+02,1.6587114215e+02
21,,,,,,,,,,,,,,,,,,2.7543364235e+02,1.6591655111e+02
22,,,,,,,,,,,,,,,,,,2.7563131298e+02,1.6579756308e+02
23,,,,,,,,,,,,,,,,,,2.7534106006e+02,1.6597233987e+02
24,,,,,,,,,,,,,,,,,,2.7633568417e+02,1.6537495017e+02
25,,,,,,,,,,,,,,,,,,2.7555708274e+02,1.6584222603e+02
26,,,,,,,,,,,,,,,,,,2.7534101141e+02,1.6597236919e+02
27,,,,,,,,,,,,,,,,,,2.7544389059e+02,1.6591037798e+02
28,,,,,,,,,,,,,,,,,,2.7542904728e+02,1.6591931915e+02
29,,,,,,,,,,,,,,,,,,2.7540328645e+02,1.6593483901e+02
30,,,,,,,,,,,,,,,,,,2.7530486269e+02,1.6599416208e+02
31,,,,,,,,,,,,,,,,,,2.7520805387e+02,1.6605255318e+02
