rank,items,rate-Directory creation,time-Directory creation,rate-Directory stat,time-Directory stat,rate-Directory read,time-Directory read,rate-Directory rename,time-Directory rename,rate-Directory removal,time-Directory removal,rate-File creation,time-File creation,rate-File stat,time-File stat,rate-File read,time-File read,rate-File removal,time-File removal,rate-Tree creation,time-Tree creation,rate-Tree removal,time-Tree removal
all,45699,,,,,,,,,,,,,5.4044388957e+04,2.7058646202e+01,,,,,,,,
0,,,,,,,,,,,,,,1.7035072704e+03,2.6826419115e+01,,,,
1,,,,,,,,,,,,,,1.6950502891e+03,2.6960262060e+01,,,,
2,,,,,,,,,,,,,,1.6949380073e+03,2.6962048054e+01,,,,
3,,,,,,,,,,,,,,1.7007679341e+03,2.6869626999e+01,,,,
4,,,,,,,,,,,,,,1.7018447229e+03,2.6852626085e+01,,,,
5,,,,,,,,,,,,,,1.6952288076e+03,2.6957422972e+01,,,,
6,,,,,,,,,,,,,,1.6961268421e+03,2.6943150043e+01,,,,
7,,,,,,,,,,,,,,1.6955844424e+03,2.6951768875e+01,,,,
8,,,,,,,,,,,,,,1.7012294271e+03,2.6862338066e+01,,,,
9,,,,,,,,,,,,,,1.7033786974e+03,2.6828444004e+01,,,,
10,,,,,,,,,,,,,,1.6981344401e+03,2.6911296844e+01,,,,
11,,,,,,,,,,,,,,1.6965853241e+03,2.6935868979e+01,,,,
12,,,,,,,,,,,,,,1.7047849861e+03,2.6806313038e+01,,,,
13,,,,,,,,,,,,,,1.6954154167e+03,2.6954455853e+01,,,,
14,,,,,,,,,,,,,,1.6963426681e+03,2.6939722061e+01,,,,
15,,,,,,,,,,,,,,1.6997428794e+03,2.6885831118e+01,,,,
16,,,,,,,,,,,,,,1.6901917898e+03,2.7037760019e+01,,,,
17,,,,,,,,,,,,,,1.6924116248e+03,2.7002296209e+01,,,,
18,,,,,,,,,,,,,,1.6908984047e+03,2.7026461124e+01,,,,
19,,,,,,,,,,,,,,1.6888975271e+03,2.7058480024e+01,,,,
20,,,,,,,,,,,,,,1.6916585954e+03,2.7014316082e+01,,,,
21,,,,,,,,,,,,,,1.6974085078e+03,2.6922806025e+01,,,,
22,,,,,,,,,,,,,,1.6909445876e+03,2.7025722980e+01,,,,
23,,,,,,,,,,,,,,1.6917014306e+03,2.7013632059e+01,,,,
24,,,,,,,,,,,,,,1.7006312189e+03,2.6871787071e+01,,,,
25,,,,,,,,,,,,,,1.6906039734e+03,2.7031167984e+01,,,,
26,,,,,,,,,,,,,,1.6918784827e+03,2.7010805130e+01,,,,
27,,,,,,,,,,,,,,1.6956198566e+03,2.6951205969e+01,,,,
28,,,,,,,,,,,,,,1.6945046078e+03,2.6968944073e+01,,,,
29,,,,,,,,,,,,,,1.6961386092e+03,2.6942963123e+01,,,,
30,,,,,,,,,,,,,,1.6899397844e+03,2.7041791916e+01,,,,
31,,,,,,,,,,,,,,1.6903030711e+03,2.7035979986e+01,,,,
