rank,items,rate-Directory creation,time-Directory creation,rate-Directory stat,time-Directory stat,rate-Directory read,time-Directory read,rate-Directory rename,time-Directory rename,rate-Directory removal,time-Directory removal,rate-File creation,time-File creation,rate-File stat,time-File stat,rate-File read,time-File read,rate-File removal,time-File removal,rate-Tree creation,time-Tree creation,rate-Tree removal,time-Tree removal
all,9687,,,,,,,,,,,1.0164555795e+03,3.0496561408e+02,,,,,,,1.0299089012e+04,3.1070709229e-03,,
0,,,,,,,,,,,,3.2075458065e+01,3.0200659895e+02,,,,,,
1,,,,,,,,,,,,3.1886961247e+01,3.0379188299e+02,,,,,,
2,,,,,,,,,,,,3.1936180659e+01,3.0332368493e+02,,,,,,
3,,,,,,,,,,,,3.1858208500e+01,3.0406606197e+02,,,,,,
4,,,,,,,,,,,,3.2138367222e+01,3.0141543698e+02,,,,,,
5,,,,,,,,,,,,3.1823594981e+01,3.0439678502e+02,,,,,,
6,,,,,,,,,,,,3.1987032687e+01,3.0284147000e+02,,,,,,
7,,,,,,,,,,,,3.1958947286e+01,3.0310760593e+02,,,,,,
8,,,,,,,,,,,,3.1889485410e+01,3.0376783681e+02,,,,,,
9,,,,,,,,,,,,3.1840322531e+01,3.0423686790e+02,,,,,,
10,,,,,,,,,,,,3.1822070043e+01,3.0441137195e+02,,,,,,
11,,,,,,,,,,,,3.2044324912e+01,3.0230001807e+02,,,,,,
12,,,,,,,,,,,,3.1933165281e+01,3.0335232711e+02,,,,,,
13,,,,,,,,,,,,3.1856071249e+01,3.0408646202e+02,,,,,,
14,,,,,,,,,,,,3.2046215478e+01,3.0228218389e+02,,,,,,
15,,,,,,,,,,,,3.1857213475e+01,3.0407555914e+02,,,,,,
16,,,,,,,,,,,,3.1899491417e+01,3.0367255306e+02,,,,,,
17,,,,,,,,,,,,3.2284901885e+01,3.0004737306e+02,,,,,,
18,,,,,,,,,,,,3.2182611555e+01,3.0100105405e+02,,,,,,
19,,,,,,,,,,,,3.2003299830e+01,3.0268753695e+02,,,,,,
20,,,,,,,,,,,,3.2033450693e+01,3.0240263820e+02,,,,,,
21,,,,,,,,,,,,3.2144347102e+01,3.0135936403e+02,,,,,,
22,,,,,,,,,,,,3.2005386442e+01,3.0266780305e+02,,,,,,
23,,,,,,,,,,,,3.1987180459e+01,3.0284007096e+02,,,,,,
24,,,,,,,,,,,,3.1984878772e+01,3.0286186385e+02,,,,,,
25,,,,,,,,,,,,3.2164039954e+01,3.0117485285e+02,,,,,,
26,,,,,,,,,,,,3.2126942486e+01,3.0152262402e+02,,,,,,
27,,,,,,,,,,,,3.2091981880e+01,3.0185109901e+02,,,,,,
28,,,,,,,,,,,,3.2086938875e+01,3.0189854002e+02,,,,,,
29,,,,,,,,,,,,3.1952520793e+01,3.0316856885e+02,,,,,,
30,,,,,,,,,,,,3.1898927342e+01,3.0367792296e+02,,,,,,
31,,,,,,,,,,,,3.1966454915e+01,3.0303641820e+02,,,,,,
