rank,items,rate-Directory creation,time-Directory creation,rate-Directory stat,time-Directory stat,rate-Directory read,time-Directory read,rate-Directory rename,time-Directory rename,rate-Directory removal,time-Directory removal,rate-File creation,time-File creation,rate-File stat,time-File stat,rate-File read,time-File read,rate-File removal,time-File removal,rate-Tree creation,time-Tree creation,rate-Tree removal,time-Tree removal
all,9687,,,,,,,,,,,,,,,,,2.5361232978e+03,1.2222749591e+02,,,1.1794103903e+02,2.7132201195e-01
0,,,,,,,,,,,,,,,,,,7.9731096114e+01,1.2149588394e+02
1,,,,,,,,,,,,,,,,,,7.9727122045e+01,1.2150194001e+02
2,,,,,,,,,,,,,,,,,,7.9726260509e+01,1.2150325298e+02
3,,,,,,,,,,,,,,,,,,7.9731514806e+01,1.2149524593e+02
4,,,,,,,,,,,,,,,,,,7.9730223384e+01,1.2149721384e+02
5,,,,,,,,,,,,,,,,,,7.9734761383e+01,1.2149029899e+02
6,,,,,,,,,,,,,,,,,,7.9739313670e+01,1.2148336315e+02
7,,,,,,,,,,,,,,,,,,8.0024151145e+01,1.2105095601e+02
8,,,,,,,,,,,,,,,,,,7.9726668668e+01,1.2150263095e+02
9,,,,,,,,,,,,,,,,,,7.9730661624e+01,1.2149654603e+02
10,,,,,,,,,,,,,,,,,,7.9724414222e+01,1.2150606680e+02
11,,,,,,,,,,,,,,,,,,7.9724918728e+01,1.2150529790e+02
12,,,,,,,,,,,,,,,,,,7.9725772882e+01,1.2150399613e+02
13,,,,,,,,,,,,,,,,,,7.9729342537e+01,1.2149855614e+02
14,,,,,,,,,,,,,,,,,,7.9725368799e+01,1.2150461197e+02
15,,,,,,,,,,,,,,,,,,7.9727627210e+01,1.2150117016e+02
16,,,,,,,,,,,,,,,,,,7.9260558811e+01,1.2221715498e+02
17,,,,,,,,,,,,,,,,,,7.9255320948e+01,1.2222523212e+02
18,,,,,,,,,,,,,,,,,,7.9253972865e+01,1.2222731113e+02
19,,,,,,,,,,,,,,,,,,7.9257312547e+01,1.2222216082e+02
20,,,,,,,,,,,,,,,,,,7.9254651075e+01,1.2222626519e+02
21,,,,,,,,,,,,,,,,,,7.9280570735e+01,1.2218630505e+02
22,,,,,,,,,,,,,,,,,,7.9258049721e+01,1.2222102404e+02
23,,,,,,,,,,,,,,,,,,7.9261210694e+01,1.2221614981e+02
24,,,,,,,,,,,,,,,,,,7.9254309418e+01,1.2222679210e+02
25,,,,,,,,,,,,,,,,,,7.9254979285e+01,1.2222575903e+02
26,,,,,,,,,,,,,,,,,,7.9255649164e+01,1.2222472596e+02
27,,,,,,,,,,,,,,,,,,7.9269764396e+01,1.2220296192e+02
28,,,,,,,,,,,,,,,,,,7.9255992224e+01,1.2222419691e+02
29,,,,,,,,,,,,,,,,,,7.9256318281e+01,1.2222369409e+02
30,,,,,,,,,,,,,,,,,,7.9260054290e+01,1.2221793294e+02
31,,,,,,,,,,,,,,,,,,7.9268442266e+01,1.2220500016e+02
