rank,items,rate-Directory creation,time-Directory creation,rate-Directory stat,time-Directory stat,rate-Directory read,time-Directory read,rate-Directory rename,time-Directory rename,rate-Directory removal,time-Directory removal,rate-File creation,time-File creation,rate-File stat,time-File stat,rate-File read,time-File read,rate-File removal,time-File removal,rate-Tree creation,time-Tree creation,rate-Tree removal,time-Tree removal
all,45699,,,,,,,,,,,4.7716137850e+03,3.0647241497e+02,,,,,,,6.8039991281e+02,4.7031164169e-02,,
0,,,,,,,,,,,,1.5191947552e+02,3.0081067514e+02,,,,,,
1,,,,,,,,,,,,1.5012677943e+02,3.0440271997e+02,,,,,,
2,,,,,,,,,,,,1.4944272417e+02,3.0579608512e+02,,,,,,
3,,,,,,,,,,,,1.5116105938e+02,3.0231992412e+02,,,,,,
4,,,,,,,,,,,,1.5232796644e+02,3.0000400496e+02,,,,,,
5,,,,,,,,,,,,1.5013858231e+02,3.0437878990e+02,,,,,,
6,,,,,,,,,,,,1.5071601732e+02,3.0321263003e+02,,,,,,
7,,,,,,,,,,,,1.5150107742e+02,3.0164141917e+02,,,,,,
8,,,,,,,,,,,,1.5037191312e+02,3.0390648794e+02,,,,,,
9,,,,,,,,,,,,1.4986956499e+02,3.0492515278e+02,,,,,,
10,,,,,,,,,,,,1.4968960314e+02,3.0529174399e+02,,,,,,
11,,,,,,,,,,,,1.4917985510e+02,3.0633492684e+02,,,,,,
12,,,,,,,,,,,,1.4977291110e+02,3.0512193203e+02,,,,,,
13,,,,,,,,,,,,1.5083504511e+02,3.0297335720e+02,,,,,,
14,,,,,,,,,,,,1.5073015621e+02,3.0318418789e+02,,,,,,
15,,,,,,,,,,,,1.5051389676e+02,3.0361980510e+02,,,,,,
16,,,,,,,,,,,,1.5018309914e+02,3.0428856683e+02,,,,,,
17,,,,,,,,,,,,1.4986449282e+02,3.0493547297e+02,,,,,,
18,,,,,,,,,,,,1.4997056418e+02,3.0471979785e+02,,,,,,
19,,,,,,,,,,,,1.4960693242e+02,3.0546044397e+02,,,,,,
20,,,,,,,,,,,,1.5060124291e+02,3.0344371080e+02,,,,,,
21,,,,,,,,,,,,1.5071133564e+02,3.0322204900e+02,,,,,,
22,,,,,,,,,,,,1.4933944675e+02,3.0600756192e+02,,,,,,
23,,,,,,,,,,,,1.5089714656e+02,3.0284866905e+02,,,,,,
24,,,,,,,,,,,,1.4974387918e+02,3.0518108821e+02,,,,,,
25,,,,,,,,,,,,1.4986502655e+02,3.0493438697e+02,,,,,,
26,,,,,,,,,,,,1.5167611119e+02,3.0129332590e+02,,,,,,
27,,,,,,,,,,,,1.4973956781e+02,3.0518987513e+02,,,,,,
28,,,,,,,,,,,,1.4962132636e+02,3.0543105793e+02,,,,,,
29,,,,,,,,,,,,1.5007096970e+02,3.0451592398e+02,,,,,,
30,,,,,,,,,,,,1.5026875988e+02,3.0411510706e+02,,,,,,
31,,,,,,,,,,,,1.4961417074e+02,3.0544566584e+02,,,,,,
