access,rank,runtime-with-openclose,runtime,throughput-withopenclose,throughput
write,0,3.4603926206e+02,3.2514415312e+02,4.3827812896e+08,4.6644369541e+08
write,1,3.4603955197e+02,3.4603769207e+02,4.3827776176e+08,4.3828011744e+08
