access,rank,runtime-with-openclose,runtime,throughput-withopenclose,throughput
read,0,2.8844181085e+02,2.8844107008e+02,8.1414995270e+08,8.1415204357e+08
read,1,2.8844190907e+02,2.8844107103e+02,8.1414967544e+08,8.1415204088e+08
