access,rank,runtime-with-openclose,runtime,throughput-withopenclose,throughput
write,0,3.3022691083e+02,3.3022388887e+02,7.1113188827e+08,7.1113839600e+08
write,1,3.3022714090e+02,3.2975446796e+02,7.1113139281e+08,7.1215073477e+08
