rank,items,rate-Directory creation,time-Directory creation,rate-Directory stat,time-Directory stat,rate-Directory read,time-Directory read,rate-Directory rename,time-Directory rename,rate-Directory removal,time-Directory removal,rate-File creation,time-File creation,rate-File stat,time-File stat,rate-File read,time-File read,rate-File removal,time-File removal,rate-Tree creation,time-Tree creation,rate-Tree removal,time-Tree removal
all,18507,,,,,,,,,,,,,1.1287360087e+04,5.2467892885e+01,,,,,,,,
0,,,,,,,,,,,,,,2.6108530277e+03,7.0884878635e+00,,,,
1,,,,,,,,,,,,,,2.6157974915e+03,7.0750889778e+00,,,,
2,,,,,,,,,,,,,,2.6154939451e+03,7.0759100914e+00,,,,
3,,,,,,,,,,,,,,2.6146862416e+03,7.0780959129e+00,,,,
4,,,,,,,,,,,,,,2.6158487946e+03,7.0749502182e+00,,,,
5,,,,,,,,,,,,,,2.6112121528e+03,7.0875129700e+00,,,,
6,,,,,,,,,,,,,,2.6142696342e+03,7.0792238712e+00,,,,
7,,,,,,,,,,,,,,2.6144996280e+03,7.0786011219e+00,,,,
8,,,,,,,,,,,,,,2.6202268337e+03,7.0631289482e+00,,,,
9,,,,,,,,,,,,,,2.6146274101e+03,7.0782551765e+00,,,,
10,,,,,,,,,,,,,,2.6121183528e+03,7.0850541592e+00,,,,
11,,,,,,,,,,,,,,2.6180484340e+03,7.0690059662e+00,,,,
12,,,,,,,,,,,,,,2.6180579704e+03,7.0689802170e+00,,,,
13,,,,,,,,,,,,,,2.6171103207e+03,7.0715398788e+00,,,,
14,,,,,,,,,,,,,,2.6121648529e+03,7.0849280357e+00,,,,
15,,,,,,,,,,,,,,2.6112316532e+03,7.0874600410e+00,,,,
16,,,,,,,,,,,,,,4.1393205068e+02,4.4710236788e+01,,,,
17,,,,,,,,,,,,,,3.7708782051e+02,4.9078752995e+01,,,,
18,,,,,,,,,,,,,,3.5794964612e+02,5.1702802896e+01,,,,
19,,,,,,,,,,,,,,3.5373454893e+02,5.2318892956e+01,,,,
20,,,,,,,,,,,,,,4.0548458300e+02,4.5641685963e+01,,,,
21,,,,,,,,,,,,,,3.6077197116e+02,5.1298331022e+01,,,,
22,,,,,,,,,,,,,,3.8772874886e+02,4.7731822968e+01,,,,
23,,,,,,,,,,,,,,3.5494322642e+02,5.2140733004e+01,,,,
24,,,,,,,,,,,,,,3.6117690376e+02,5.1240818024e+01,,,,
25,,,,,,,,,,,,,,3.6470804565e+02,5.0744699001e+01,,,,
26,,,,,,,,,,,,,,4.0432334865e+02,4.5772770882e+01,,,,
27,,,,,,,,,,,,,,3.5715755865e+02,5.1817466974e+01,,,,
28,,,,,,,,,,,,,,3.5611049930e+02,5.1969824076e+01,,,,
29,,,,,,,,,,,,,,3.5378985647e+02,5.2310714006e+01,,,,
30,,,,,,,,,,,,,,3.5851627792e+02,5.1621087074e+01,,,,
31,,,,,,,,,,,,,,3.5273143406e+02,5.2467679977e+01,,,,
