rank,items,rate-Directory creation,time-Directory creation,rate-Directory stat,time-Directory stat,rate-Directory read,time-Directory read,rate-Directory rename,time-Directory rename,rate-Directory removal,time-Directory removal,rate-File creation,time-File creation,rate-File stat,time-File stat,rate-File read,time-File read,rate-File removal,time-File removal,rate-Tree creation,time-Tree creation,rate-Tree removal,time-Tree removal
all,18507,,,,,,,,,,,,,,,3.3577348037e+04,1.7637604952e+01,,,,,,
0,,,,,,,,,,,,,,,,1.0503915536e+03,1.7619143963e+01,,
1,,,,,,,,,,,,,,,,1.0513053778e+03,1.7603828907e+01,,
2,,,,,,,,,,,,,,,,1.0518500089e+03,1.7594713926e+01,,
3,,,,,,,,,,,,,,,,1.0515147813e+03,1.7600323200e+01,,
4,,,,,,,,,,,,,,,,1.0493183671e+03,1.7637163877e+01,,
5,,,,,,,,,,,,,,,,1.0497228990e+03,1.7630367041e+01,,
6,,,,,,,,,,,,,,,,1.0510686889e+03,1.7607793093e+01,,
7,,,,,,,,,,,,,,,,1.0497321830e+03,1.7630211115e+01,,
8,,,,,,,,,,,,,,,,1.0511634969e+03,1.7606204987e+01,,
9,,,,,,,,,,,,,,,,1.0497275410e+03,1.7630289078e+01,,
10,,,,,,,,,,,,,,,,1.0495194305e+03,1.7633785009e+01,,
11,,,,,,,,,,,,,,,,1.0510416630e+03,1.7608245850e+01,,
12,,,,,,,,,,,,,,,,1.0518694934e+03,1.7594388008e+01,,
13,,,,,,,,,,,,,,,,1.0519431046e+03,1.7593156815e+01,,
14,,,,,,,,,,,,,,,,1.0524239981e+03,1.7585117817e+01,,
15,,,,,,,,,,,,,,,,1.0515818895e+03,1.7599200010e+01,,
16,,,,,,,,,,,,,,,,1.1307578122e+03,1.6366899967e+01,,
17,,,,,,,,,,,,,,,,1.1300984650e+03,1.6376449108e+01,,
18,,,,,,,,,,,,,,,,1.1311327377e+03,1.6361474991e+01,,
19,,,,,,,,,,,,,,,,1.1318956478e+03,1.6350447178e+01,,
20,,,,,,,,,,,,,,,,1.1315566861e+03,1.6355345011e+01,,
21,,,,,,,,,,,,,,,,1.1307375028e+03,1.6367193937e+01,,
22,,,,,,,,,,,,,,,,1.1313248940e+03,1.6358695984e+01,,
23,,,,,,,,,,,,,,,,1.1293172892e+03,1.6387777090e+01,,
24,,,,,,,,,,,,,,,,1.1290189839e+03,1.6392107010e+01,,
25,,,,,,,,,,,,,,,,1.1315930096e+03,1.6354820013e+01,,
26,,,,,,,,,,,,,,,,1.1304131773e+03,1.6371889830e+01,,
27,,,,,,,,,,,,,,,,1.1291839596e+03,1.6389712095e+01,,
28,,,,,,,,,,,,,,,,1.1308610345e+03,1.6365406036e+01,,
29,,,,,,,,,,,,,,,,1.1298487850e+03,1.6380068064e+01,,
30,,,,,,,,,,,,,,,,1.1289088572e+03,1.6393706083e+01,,
31,,,,,,,,,,,,,,,,1.1288298098e+03,1.6394854069e+01,,
