rank,items,rate-Directory creation,time-Directory creation,rate-Directory stat,time-Directory stat,rate-Directory read,time-Directory read,rate-Directory rename,time-Directory rename,rate-Directory removal,time-Directory removal,rate-File creation,time-File creation,rate-File stat,time-File stat,rate-File read,time-File read,rate-File removal,time-File removal,rate-Tree creation,time-Tree creation,rate-Tree removal,time-Tree removal
all,18507,,,,,,,,,,,,,,,,,1.9568644983e+03,3.0263924789e+02,,,1.6649328347e+02,1.9219994545e-01
0,,,,,,,,,,,,,,,,,,6.1152253174e+01,3.0263807201e+02
1,,,,,,,,,,,,,,,,,,6.1152434798e+01,3.0263717318e+02
2,,,,,,,,,,,,,,,,,,6.1152094146e+01,3.0263885903e+02
3,,,,,,,,,,,,,,,,,,6.1152945035e+01,3.0263464808e+02
4,,,,,,,,,,,,,,,,,,6.1152787208e+01,3.0263542914e+02
5,,,,,,,,,,,,,,,,,,6.1154059483e+01,3.0262913299e+02
6,,,,,,,,,,,,,,,,,,6.1172641757e+01,3.0253720403e+02
7,,,,,,,,,,,,,,,,,,6.1153589263e+01,3.0263145995e+02
8,,,,,,,,,,,,,,,,,,6.1154791037e+01,3.0262551284e+02
9,,,,,,,,,,,,,,,,,,6.1152612472e+01,3.0263629389e+02
10,,,,,,,,,,,,,,,,,,6.1153436491e+01,3.0263221598e+02
11,,,,,,,,,,,,,,,,,,6.1160702644e+01,3.0259626198e+02
12,,,,,,,,,,,,,,,,,,6.1153885125e+01,3.0262999582e+02
13,,,,,,,,,,,,,,,,,,6.1153256837e+01,3.0263310504e+02
14,,,,,,,,,,,,,,,,,,6.1153111727e+01,3.0263382316e+02
15,,,,,,,,,,,,,,,,,,6.1181182599e+01,3.0249497008e+02
16,,,,,,,,,,,,,,,,,,6.1923143916e+01,2.9887048411e+02
17,,,,,,,,,,,,,,,,,,6.1921823138e+01,2.9887685895e+02
18,,,,,,,,,,,,,,,,,,6.1939162076e+01,2.9879319286e+02
19,,,,,,,,,,,,,,,,,,6.1932468121e+01,2.9882548785e+02
20,,,,,,,,,,,,,,,,,,6.1925302539e+01,2.9886006594e+02
21,,,,,,,,,,,,,,,,,,6.1925468924e+01,2.9885926294e+02
22,,,,,,,,,,,,,,,,,,6.1922069675e+01,2.9887566900e+02
23,,,,,,,,,,,,,,,,,,6.1922452153e+01,2.9887382293e+02
24,,,,,,,,,,,,,,,,,,6.1922273139e+01,2.9887468696e+02
25,,,,,,,,,,,,,,,,,,6.1987029904e+01,2.9856245780e+02
26,,,,,,,,,,,,,,,,,,6.1924265273e+01,2.9886507201e+02
27,,,,,,,,,,,,,,,,,,6.1925675720e+01,2.9885826492e+02
28,,,,,,,,,,,,,,,,,,6.1934930763e+01,2.9881360602e+02
29,,,,,,,,,,,,,,,,,,6.1924848147e+01,2.9886225891e+02
30,,,,,,,,,,,,,,,,,,6.1924680531e+01,2.9886306787e+02
31,,,,,,,,,,,,,,,,,,6.1922734952e+01,2.9887245798e+02
