rank,items,rate-Directory creation,time-Directory creation,rate-Directory stat,time-Directory stat,rate-Directory read,time-Directory read,rate-Directory rename,time-Directory rename,rate-Directory removal,time-Directory removal,rate-File creation,time-File creation,rate-File stat,time-File stat,rate-File read,time-File read,rate-File removal,time-File removal,rate-Tree creation,time-Tree creation,rate-Tree removal,time-Tree removal
all,253572,,,,,,,,,,,,,,,,,3.1329417618e+04,2.5899951601e+02,,,6.5851334000e+01,4.8594307899e-01
0,,,,,,,,,,,,,,,,,,9.9092219367e+02,2.5589496493e+02
1,,,,,,,,,,,,,,,,,,9.9403811185e+02,2.5509283495e+02
2,,,,,,,,,,,,,,,,,,9.8107858405e+02,2.5846247602e+02
3,,,,,,,,,,,,,,,,,,9.9269518419e+02,2.5543792701e+02
4,,,,,,,,,,,,,,,,,,9.8061763858e+02,2.5858396792e+02
5,,,,,,,,,,,,,,,,,,9.9114048533e+02,2.5583860588e+02
6,,,,,,,,,,,,,,,,,,9.9162780905e+02,2.5571287704e+02
7,,,,,,,,,,,,,,,,,,9.9452532601e+02,2.5496786594e+02
8,,,,,,,,,,,,,,,,,,9.7904619049e+02,2.5899901605e+02
9,,,,,,,,,,,,,,,,,,1.0001474475e+03,2.5353461695e+02
10,,,,,,,,,,,,,,,,,,9.9281797331e+02,2.5540633512e+02
11,,,,,,,,,,,,,,,,,,9.9654812781e+02,2.5445033002e+02
12,,,,,,,,,,,,,,,,,,9.9509516986e+02,2.5482185793e+02
13,,,,,,,,,,,,,,,,,,9.9384036682e+02,2.5514359093e+02
14,,,,,,,,,,,,,,,,,,9.9416314685e+02,2.5506075215e+02
15,,,,,,,,,,,,,,,,,,9.9253930025e+02,2.5547804499e+02
16,,,,,,,,,,,,,,,,,,1.0018937329e+03,2.5309271002e+02
17,,,,,,,,,,,,,,,,,,1.0051342706e+03,2.5227674294e+02
18,,,,,,,,,,,,,,,,,,1.0020529535e+03,2.5305249500e+02
19,,,,,,,,,,,,,,,,,,9.9811635917e+02,2.5405053997e+02
20,,,,,,,,,,,,,,,,,,1.0019575023e+03,2.5307660198e+02
21,,,,,,,,,,,,,,,,,,1.0006551030e+03,2.5340599298e+02
22,,,,,,,,,,,,,,,,,,1.0030507185e+03,2.5280077600e+02
23,,,,,,,,,,,,,,,,,,1.0025528305e+03,2.5292632198e+02
24,,,,,,,,,,,,,,,,,,1.0035295855e+03,2.5268014383e+02
25,,,,,,,,,,,,,,,,,,1.0038570973e+03,2.5259770608e+02
26,,,,,,,,,,,,,,,,,,1.0016276704e+03,2.5315993905e+02
27,,,,,,,,,,,,,,,,,,1.0009361483e+03,2.5333484101e+02
28,,,,,,,,,,,,,,,,,,1.0000226367e+03,2.5356626010e+02
29,,,,,,,,,,,,,,,,,,1.0001957182e+03,2.5352238107e+02
30,,,,,,,,,,,,,,,,,,9.8711993690e+02,2.5688063884e+02
31,,,,,,,,,,,,,,,,,,9.9793749251e+02,2.5409607506e+02
