rank,items,rate-Directory creation,time-Directory creation,rate-Directory stat,time-Directory stat,rate-Directory read,time-Directory read,rate-Directory rename,time-Directory rename,rate-Directory removal,time-Directory removal,rate-File creation,time-File creation,rate-File stat,time-File stat,rate-File read,time-File read,rate-File removal,time-File removal,rate-Tree creation,time-Tree creation,rate-Tree removal,time-Tree removal
all,253572,,,,,,,,,,,,,8.0511511744e+04,1.0078439498e+02,,,,,,,,
0,,,,,,,,,,,,,,2.7209607807e+03,9.3192081928e+01,,,,
1,,,,,,,,,,,,,,2.5288948904e+03,1.0026988506e+02,,,,
2,,,,,,,,,,,,,,2.5237690686e+03,1.0047353506e+02,,,,
3,,,,,,,,,,,,,,2.5296922960e+03,1.0023827815e+02,,,,
4,,,,,,,,,,,,,,2.5216071656e+03,1.0055967617e+02,,,,
5,,,,,,,,,,,,,,2.5287137219e+03,1.0027706885e+02,,,,
6,,,,,,,,,,,,,,2.7310799960e+03,9.2846786022e+01,,,,
7,,,,,,,,,,,,,,2.7278703107e+03,9.2956032038e+01,,,,
8,,,,,,,,,,,,,,2.5159956995e+03,1.0078395605e+02,,,,
9,,,,,,,,,,,,,,2.5187466973e+03,1.0067387891e+02,,,,
10,,,,,,,,,,,,,,2.7256236624e+03,9.3032652855e+01,,,,
11,,,,,,,,,,,,,,2.7384667423e+03,9.2596340895e+01,,,,
12,,,,,,,,,,,,,,2.7341042525e+03,9.2744086027e+01,,,,
13,,,,,,,,,,,,,,2.5246305605e+03,1.0043924999e+02,,,,
14,,,,,,,,,,,,,,2.5238729422e+03,1.0046939993e+02,,,,
15,,,,,,,,,,,,,,2.7316247811e+03,9.2828269005e+01,,,,
16,,,,,,,,,,,,,,2.6990518782e+03,9.3948546171e+01,,,,
17,,,,,,,,,,,,,,2.6967344655e+03,9.4029279947e+01,,,,
18,,,,,,,,,,,,,,2.6962564868e+03,9.4045948982e+01,,,,
19,,,,,,,,,,,,,,2.5261047846e+03,1.0038063407e+02,,,,
20,,,,,,,,,,,,,,2.6929492963e+03,9.4161446095e+01,,,,
21,,,,,,,,,,,,,,2.7050475675e+03,9.3740310907e+01,,,,
22,,,,,,,,,,,,,,2.5271404858e+03,1.0033949494e+02,,,,
23,,,,,,,,,,,,,,2.6999781371e+03,9.3916316032e+01,,,,
24,,,,,,,,,,,,,,2.6982558064e+03,9.3976264000e+01,,,,
25,,,,,,,,,,,,,,2.5295026328e+03,1.0024579406e+02,,,,
26,,,,,,,,,,,,,,2.6937748657e+03,9.4132588148e+01,,,,
27,,,,,,,,,,,,,,2.5280719733e+03,1.0030252409e+02,,,,
28,,,,,,,,,,,,,,2.5282334452e+03,1.0029611802e+02,,,,
29,,,,,,,,,,,,,,2.5256942325e+03,1.0039695096e+02,,,,
30,,,,,,,,,,,,,,2.5178050624e+03,1.0071152997e+02,,,,
31,,,,,,,,,,,,,,2.5264544811e+03,1.0036673999e+02,,,,
