rank,items,rate-Directory creation,time-Directory creation,rate-Directory stat,time-Directory stat,rate-Directory read,time-Directory read,rate-Directory rename,time-Directory rename,rate-Directory removal,time-Directory removal,rate-File creation,time-File creation,rate-File stat,time-File stat,rate-File read,time-File read,rate-File removal,time-File removal,rate-Tree creation,time-Tree creation,rate-Tree removal,time-Tree removal
all,18507,,,,,,,,,,,1.8146143245e+03,3.2636356497e+02,,,,,,,2.9151783845e+03,1.0977029800e-02,,
0,,,,,,,,,,,,6.1094327068e+01,3.0292501593e+02,,,,,,
1,,,,,,,,,,,,6.1685299374e+01,3.0002286100e+02,,,,,,
2,,,,,,,,,,,,6.1380648053e+01,3.0151196814e+02,,,,,,
3,,,,,,,,,,,,6.1459416801e+01,3.0112553883e+02,,,,,,
4,,,,,,,,,,,,6.0820369885e+01,3.0428950095e+02,,,,,,
5,,,,,,,,,,,,6.1099804825e+01,3.0289785790e+02,,,,,,
6,,,,,,,,,,,,6.1664419942e+01,3.0012444806e+02,,,,,,
7,,,,,,,,,,,,6.0819087916e+01,3.0429591489e+02,,,,,,
8,,,,,,,,,,,,6.1671796082e+01,3.0008855224e+02,,,,,,
9,,,,,,,,,,,,6.1668226597e+01,3.0010592198e+02,,,,,,
10,,,,,,,,,,,,6.0895410482e+01,3.0391452909e+02,,,,,,
11,,,,,,,,,,,,6.1083212223e+01,3.0298013687e+02,,,,,,
12,,,,,,,,,,,,6.0881554269e+01,3.0398369789e+02,,,,,,
13,,,,,,,,,,,,6.1090335010e+01,3.0294481111e+02,,,,,,
14,,,,,,,,,,,,6.0824260155e+01,3.0427003884e+02,,,,,,
15,,,,,,,,,,,,6.0819915790e+01,3.0429177284e+02,,,,,,
16,,,,,,,,,,,,6.1111591232e+01,3.0283943892e+02,,,,,,
17,,,,,,,,,,,,6.1110277954e+01,3.0284594703e+02,,,,,,
18,,,,,,,,,,,,6.1682954574e+01,3.0003426600e+02,,,,,,
19,,,,,,,,,,,,6.1105087022e+01,3.0287167406e+02,,,,,,
20,,,,,,,,,,,,6.1229606247e+01,3.0225574088e+02,,,,,,
21,,,,,,,,,,,,6.1204539687e+01,3.0237953091e+02,,,,,,
22,,,,,,,,,,,,6.1202419680e+01,3.0239000511e+02,,,,,,
23,,,,,,,,,,,,6.1205133945e+01,3.0237659502e+02,,,,,,
24,,,,,,,,,,,,6.1108567894e+01,3.0285442185e+02,,,,,,
25,,,,,,,,,,,,6.1347751746e+01,3.0167364693e+02,,,,,,
26,,,,,,,,,,,,6.1202815614e+01,3.0238804889e+02,,,,,,
27,,,,,,,,,,,,6.1336152367e+01,3.0173069692e+02,,,,,,
28,,,,,,,,,,,,6.1228875510e+01,3.0225934815e+02,,,,,,
29,,,,,,,,,,,,6.1204912098e+01,3.0237769103e+02,,,,,,
30,,,,,,,,,,,,6.1106317772e+01,3.0286557388e+02,,,,,,
31,,,,,,,,,,,,6.1334822102e+01,3.0173724103e+02,,,,,,
