rank,items,rate-Directory creation,time-Directory creation,rate-Directory stat,time-Directory stat,rate-Directory read,time-Directory read,rate-Directory rename,time-Directory rename,rate-Directory removal,time-Directory removal,rate-File creation,time-File creation,rate-File stat,time-File stat,rate-File read,time-File read,rate-File removal,time-File removal,rate-Tree creation,time-Tree creation,rate-Tree removal,time-Tree removal
all,253572,,,,,,,,,,,2.4361711193e+04,3.3307611012e+02,,,,,,,1.3827755708e+03,2.3141860962e-02,,
0,,,,,,,,,,,,7.9231394314e+02,3.2003980517e+02,,,,,,
1,,,,,,,,,,,,8.1393591385e+02,3.1153804088e+02,,,,,,
2,,,,,,,,,,,,7.9917370917e+02,3.1729272008e+02,,,,,,
3,,,,,,,,,,,,7.8224290491e+02,3.2416017890e+02,,,,,,
4,,,,,,,,,,,,7.8482860764e+02,3.2309219813e+02,,,,,,
5,,,,,,,,,,,,7.6441117482e+02,3.3172199512e+02,,,,,,
6,,,,,,,,,,,,7.9468257033e+02,3.1908589602e+02,,,,,,
7,,,,,,,,,,,,7.9467524848e+02,3.1908883595e+02,,,,,,
8,,,,,,,,,,,,7.7192651859e+02,3.2849240685e+02,,,,,,
9,,,,,,,,,,,,7.8255275320e+02,3.2403182912e+02,,,,,,
10,,,,,,,,,,,,7.7913894048e+02,3.2545158100e+02,,,,,,
11,,,,,,,,,,,,7.6787106216e+02,3.3022731614e+02,,,,,,
12,,,,,,,,,,,,8.0927490107e+02,3.1333234191e+02,,,,,,
13,,,,,,,,,,,,8.0516552702e+02,3.1493151593e+02,,,,,,
14,,,,,,,,,,,,8.2037959650e+02,3.0909106112e+02,,,,,,
15,,,,,,,,,,,,8.0156820984e+02,3.1634488106e+02,,,,,,
16,,,,,,,,,,,,8.1691249977e+02,3.1040288901e+02,,,,,,
17,,,,,,,,,,,,8.2016864198e+02,3.0917056203e+02,,,,,,
18,,,,,,,,,,,,8.4511547506e+02,3.0004420400e+02,,,,,,
19,,,,,,,,,,,,8.2682352609e+02,3.0668212986e+02,,,,,,
20,,,,,,,,,,,,8.4185468881e+02,3.0120637608e+02,,,,,,
21,,,,,,,,,,,,8.2271096290e+02,3.0821517086e+02,,,,,,
22,,,,,,,,,,,,8.1591053705e+02,3.1078407311e+02,,,,,,
23,,,,,,,,,,,,8.2857838509e+02,3.0603260303e+02,,,,,,
24,,,,,,,,,,,,8.4523709475e+02,3.0000103116e+02,,,,,,
25,,,,,,,,,,,,7.7891062755e+02,3.2554697680e+02,,,,,,
26,,,,,,,,,,,,8.2030298324e+02,3.0911992908e+02,,,,,,
27,,,,,,,,,,,,8.2282833394e+02,3.0817120600e+02,,,,,,
28,,,,,,,,,,,,8.2267076509e+02,3.0823023105e+02,,,,,,
29,,,,,,,,,,,,8.1709608975e+02,3.1033314586e+02,,,,,,
30,,,,,,,,,,,,8.2129695972e+02,3.0874581599e+02,,,,,,
31,,,,,,,,,,,,8.1709348272e+02,3.1033413601e+02,,,,,,
