access,rank,runtime-with-openclose,runtime,throughput-withopenclose,throughput
write,0,3.0588042808e+02,3.0587543392e+02,2.8749559556e+07,2.8750028962e+07
write,1,3.0588151002e+02,3.0587543607e+02,2.8749457865e+07,2.8750028760e+07
