access,rank,runtime-with-openclose,runtime,throughput-withopenclose,throughput
read,0,1.3797243118e+02,1.3796866488e+02,2.2568800408e+09,2.2569416496e+09
read,1,1.3797243619e+02,1.3796867204e+02,2.2568799589e+09,2.2569415326e+09
