access,rank,runtime-with-openclose,runtime,throughput-withopenclose,throughput
read,0,2.0714122701e+02,2.0712979889e+02,7.0951840019e+06,7.0955754695e+06
read,1,2.0714106894e+02,2.0712980986e+02,7.0951894163e+06,7.0955750938e+06
read,2,2.0714087009e+02,2.0712966204e+02,7.0951962272e+06,7.0955801576e+06
read,3,2.0714105392e+02,2.0712961698e+02,7.0951899308e+06,7.0955817012e+06
