access,rank,runtime-with-openclose,runtime,throughput-withopenclose,throughput
write,0,5.9539016891e+02,5.9537251091e+02,2.4684739466e+06,2.4685471584e+06
write,1,5.9538996196e+02,5.9537246490e+02,2.4684748046e+06,2.4685473492e+06
write,2,5.9539015794e+02,5.9537274313e+02,2.4684739921e+06,2.4685461956e+06
write,3,5.9539034700e+02,5.9537274313e+02,2.4684732082e+06,2.4685461956e+06
