access,rank,runtime-with-openclose,runtime,throughput-withopenclose,throughput
read,0,4.6306456304e+02,4.6305839109e+02,9.7614928492e+07,9.7616229567e+07
read,1,4.6306464219e+02,4.6305841088e+02,9.7614911806e+07,9.7616225395e+07
read,2,4.6306491590e+02,4.6305849814e+02,9.7614854109e+07,9.7616207000e+07
read,3,4.6306493187e+02,4.6305848908e+02,9.7614850741e+07,9.7616208910e+07
