access,rank,runtime-with-openclose,runtime,throughput-withopenclose,throughput
write,0,3.0290877008e+02,3.0235245299e+02,1.4922649547e+08,1.4950106659e+08
write,1,3.0290869880e+02,3.0175264215e+02,1.4922653059e+08,1.4979823834e+08
write,2,3.0290867090e+02,3.0289080906e+02,1.4922654434e+08,1.4923534441e+08
write,3,3.0290874410e+02,3.0001513696e+02,1.4922650828e+08,1.5066577862e+08
