access,rank,runtime-with-openclose,runtime,throughput-withopenclose,throughput
read,0,1.4387486601e+02,1.4385146189e+02,3.2723618590e+07,3.2728942607e+07
read,1,1.4387490106e+02,1.4385146117e+02,3.2723610619e+07,3.2728942769e+07
read,2,1.4387486911e+02,1.4385146093e+02,3.2723617885e+07,3.2728942824e+07
read,3,1.4387499881e+02,1.4385146499e+02,3.2723588386e+07,3.2728941902e+07
read,4,1.4387490201e+02,1.4385146189e+02,3.2723610402e+07,3.2728942607e+07
read,5,1.4387498903e+02,1.4385146499e+02,3.2723590609e+07,3.2728941902e+07
read,6,1.4387486911e+02,1.4385146284e+02,3.2723617885e+07,3.2728942390e+07
read,7,1.4387485194e+02,1.4385146499e+02,3.2723621790e+07,3.2728941902e+07
