access,rank,runtime-with-openclose,runtime,throughput-withopenclose,throughput
read,0,1.6504695892e+02,1.6504125309e+02,8.9335358714e+06,8.9338447230e+06
read,1,1.6504780197e+02,1.6504126000e+02,8.9334902397e+06,8.9338443488e+06
