access,rank,runtime-with-openclose,runtime,throughput-withopenclose,throughput
write,0,3.5776603603e+02,3.5775652599e+02,4.1212769785e+06,4.1213865321e+06
write,1,3.5776582098e+02,3.5775651312e+02,4.1212794558e+06,4.1213866804e+06
