access,rank,runtime-with-openclose,runtime,throughput-withopenclose,throughput
read,0,4.9910927916e+02,4.9910245895e+02,9.6956286771e+07,9.6957611672e+07
read,1,4.9910926604e+02,4.9910246611e+02,9.6956289319e+07,9.6957610283e+07
