access,rank,runtime-with-openclose,runtime,throughput-withopenclose,throughput
write,0,3.7847619700e+02,3.7847023392e+02,2.1793683216e+08,2.1794026592e+08
write,1,3.7847496915e+02,3.5248248506e+02,2.1793753920e+08,2.3400851651e+08
