access,rank,runtime-with-openclose,runtime,throughput-withopenclose,throughput
read,0,2.1167498899e+02,2.1167387700e+02,4.5790091499e+08,4.5790332047e+08
read,1,2.1167499304e+02,2.1167388511e+02,4.5790090622e+08,4.5790330294e+08
