access,rank,runtime-with-openclose,runtime,throughput-withopenclose,throughput
read,0,1.9823346806e+02,1.9823147511e+02,4.1609474037e+08,4.1609892363e+08
read,1,1.9823347116e+02,1.9823149204e+02,4.1609473387e+08,4.1609888809e+08
