access,rank,runtime-with-openclose,runtime,throughput-withopenclose,throughput
write,0,3.0626673388e+02,3.0266458988e+02,7.7700286243e+08,7.8625031421e+08
write,1,3.0626653194e+02,3.0624151707e+02,7.7700337476e+08,7.7706684311e+08
write,2,3.0626671696e+02,3.0003690290e+02,7.7700290538e+08,7.9313619956e+08
write,3,3.0626674700e+02,3.0422146297e+02,7.7700282916e+08,7.8222662720e+08
