access,rank,runtime-with-openclose,runtime,throughput-withopenclose,throughput
read,0,2.2325972605e+02,2.2325792098e+02,8.1643995364e+08,8.1644655466e+08
read,1,2.2325975919e+02,2.2325794101e+02,8.1643983245e+08,8.1644648142e+08
read,2,2.2325978112e+02,2.2325810599e+02,8.1643975224e+08,8.1644587807e+08
read,3,2.2325984097e+02,2.2325809503e+02,8.1643953340e+08,8.1644591818e+08
