access,rank,runtime-with-openclose,runtime,throughput-withopenclose,throughput
write,0,3.5705441189e+02,3.3069741416e+02,6.5723068161e+08,7.0961278936e+08
write,1,3.5705441904e+02,3.3028445697e+02,6.5723066844e+08,7.1050002368e+08
write,2,3.5705233002e+02,3.5638594294e+02,6.5723451373e+08,6.5846344152e+08
write,3,3.5705232501e+02,3.5704848695e+02,6.5723452295e+08,6.5724158784e+08
