access,rank,runtime-with-openclose,runtime,throughput-withopenclose,throughput
write,0,3.4158747816e+02,3.3575058722e+02,5.3362073272e+08,5.4289751774e+08
write,1,3.4158747983e+02,3.3482667899e+02,5.3362073011e+08,5.4439556887e+08
write,2,3.4158748794e+02,3.4148435998e+02,5.3362071745e+08,5.3378187041e+08
write,3,3.4158752584e+02,3.4158220983e+02,5.3362065823e+08,5.3362896293e+08
