access,rank,runtime-with-openclose,runtime,throughput-withopenclose,throughput
read,0,1.5556272483e+02,1.5556103802e+02,2.3895576667e+08,2.3895835776e+08
read,1,1.5556238914e+02,1.5556104898e+02,2.3895628232e+08,2.3895834091e+08
read,2,1.5556231594e+02,1.5556098795e+02,2.3895639475e+08,2.3895843467e+08
read,3,1.5556255603e+02,1.5556098795e+02,2.3895602596e+08,2.3895843467e+08
