access,rank,runtime-with-openclose,runtime,throughput-withopenclose,throughput
write,0,1.2120736918e+03,1.2120699060e+03,3.0668605734e+07,3.0668701526e+07
write,1,1.2120730410e+03,1.0017543240e+03,3.0668622203e+07,3.7107511579e+07
write,2,1.2120731149e+03,3.1943917799e+02,3.0668620333e+07,1.1636835034e+08
write,3,1.2120736859e+03,3.1943916392e+02,3.0668605885e+07,1.1636835546e+08
