access,rank,runtime-with-openclose,runtime,throughput-withopenclose,throughput
read,0,2.2804464102e+02,2.2803552604e+02,8.4292756340e+06,8.4296125670e+06
read,1,2.2804542708e+02,2.2803553104e+02,8.4292465785e+06,8.4296123819e+06
