access,rank,runtime-with-openclose,runtime,throughput-withopenclose,throughput
read,0,5.1614247918e+02,5.1613619804e+02,9.4227958352e+07,9.4229105062e+07
read,1,5.1614261699e+02,5.1613620305e+02,9.4227933194e+07,9.4229104148e+07
