access,rank,runtime-with-openclose,runtime,throughput-withopenclose,throughput
write,0,3.0190487719e+02,3.0189959097e+02,1.6109395941e+08,1.6109678014e+08
write,1,3.0190496683e+02,3.0000669003e+02,1.6109391158e+08,1.6211322497e+08
