access,rank,runtime-with-openclose,runtime,throughput-withopenclose,throughput
write,0,4.6345864105e+02,4.6345087004e+02,4.1476217417e+06,4.1476912879e+06
write,1,4.6345761395e+02,4.6345088506e+02,4.1476309336e+06,4.1476911534e+06
