access,rank,runtime-with-openclose,runtime,throughput-withopenclose,throughput
write,0,3.6069345808e+02,3.1243795395e+02,6.4206458468e+08,7.4123035448e+08
write,1,3.6069329286e+02,3.6064090896e+02,6.4206487880e+08,6.4215814016e+08
write,2,3.6069495702e+02,3.5422112799e+02,6.4206191646e+08,6.5379639175e+08
write,3,3.6069431615e+02,3.0124385190e+02,6.4206305725e+08,7.6877418045e+08
