access,rank,runtime-with-openclose,runtime,throughput-withopenclose,throughput
write,0,3.2758295608e+02,3.2743175793e+02,7.0088597057e+08,7.0120961866e+08
write,1,3.2758293295e+02,3.1677363300e+02,7.0088602005e+08,7.2480242732e+08
write,2,3.2758553910e+02,3.0202784300e+02,7.0088044405e+08,7.6018917936e+08
write,3,3.2757855606e+02,3.1038466096e+02,7.0089538483e+08,7.3972179360e+08
