access,rank,runtime-with-openclose,runtime,throughput-withopenclose,throughput
write,0,3.0159085608e+02,3.0158420992e+02,4.2698149697e+06,4.2699090657e+06
write,1,3.0159008598e+02,3.0158420897e+02,4.2698258724e+06,4.2699090792e+06
