access,rank,runtime-with-openclose,runtime,throughput-withopenclose,throughput
read,0,5.0171711516e+02,5.0170973396e+02,9.6021790543e+07,9.6023203224e+07
read,1,5.0171711707e+02,5.0170975709e+02,9.6021790178e+07,9.6023198798e+07
