access,rank,runtime-with-openclose,runtime,throughput-withopenclose,throughput
read,0,1.4198561502e+02,1.4197925496e+02,9.0694902569e+06,9.0698965307e+06
read,1,1.4198575187e+02,1.4197926903e+02,9.0694815153e+06,9.0698956321e+06
