access,rank,runtime-with-openclose,runtime,throughput-withopenclose,throughput
write,0,3.0156030297e+02,3.0155405903e+02,1.5975503164e+08,1.5975833951e+08
write,1,3.0156021404e+02,3.0000468397e+02,1.5975507876e+08,1.6058341192e+08
