access,rank,runtime-with-openclose,runtime,throughput-withopenclose,throughput
write,0,3.0343440390e+02,3.0118051314e+02,1.4245055708e+08,1.4351658884e+08
write,1,3.0343434978e+02,3.0001456189e+02,1.4245058249e+08,1.4407433959e+08
write,2,3.0343412995e+02,3.0265419006e+02,1.4245068568e+08,1.4281778112e+08
write,3,3.0343433785e+02,3.0309317398e+02,1.4245058808e+08,1.4261093150e+08
write,4,3.0343432903e+02,3.0265201211e+02,1.4245059222e+08,1.4281880887e+08
write,5,3.0343439388e+02,3.0314927220e+02,1.4245056178e+08,1.4258454113e+08
write,6,3.0343400002e+02,3.0340952206e+02,1.4245074669e+08,1.4246223909e+08
write,7,3.0343407297e+02,3.0138631392e+02,1.4245071244e+08,1.4341858895e+08
