access,rank,runtime-with-openclose,runtime,throughput-withopenclose,throughput
read,0,1.9306418109e+02,1.9304200006e+02,2.6992613806e+06,2.6995715329e+06
read,1,1.9306418014e+02,1.9304199815e+02,2.6992613940e+06,2.6995715596e+06
read,2,1.9306418014e+02,1.9304199719e+02,2.6992613940e+06,2.6995715729e+06
read,3,1.9306417704e+02,1.9304200006e+02,2.6992614373e+06,2.6995715329e+06
read,4,1.9306417799e+02,1.9304200292e+02,2.6992614240e+06,2.6995714929e+06
read,5,1.9306502604e+02,1.9304200196e+02,2.6992495672e+06,2.6995715062e+06
read,6,1.9306418014e+02,1.9304200292e+02,2.6992613940e+06,2.6995714929e+06
read,7,1.9306417513e+02,1.9304200411e+02,2.6992614640e+06,2.6995714762e+06
