access,rank,runtime-with-openclose,runtime,throughput-withopenclose,throughput
write,0,8.4856804895e+02,8.4856578207e+02,5.7216917252e+07,5.7217070103e+07
write,1,8.4856780791e+02,7.5152353811e+02,5.7216933505e+07,6.4605358818e+07
write,2,8.4856792879e+02,3.0608529210e+02,5.7216925355e+07,1.5862391658e+08
write,3,8.4856833100e+02,3.0608528996e+02,5.7216898234e+07,1.5862391769e+08
