access,rank,runtime-with-openclose,runtime,throughput-withopenclose,throughput
read,0,3.3250548291e+02,3.3250344610e+02,7.6918482643e+08,7.6918953821e+08
read,1,3.3250546002e+02,3.3250345707e+02,7.6918487938e+08,7.6918951284e+08
read,2,3.3250545287e+02,3.3250331688e+02,7.6918489592e+08,7.6918983714e+08
read,3,3.3250548601e+02,3.3250331402e+02,7.6918481926e+08,7.6918984376e+08
