access,rank,runtime-with-openclose,runtime,throughput-withopenclose,throughput
write,0,3.3418917394e+02,3.3051257610e+02,7.6530956747e+08,7.7382281538e+08
write,1,3.3418916011e+02,3.3005837011e+02,7.6530959914e+08,7.7488770266e+08
write,2,3.3418889499e+02,3.3418545818e+02,7.6531020628e+08,7.6531807683e+08
write,3,3.3418896890e+02,3.3415066385e+02,7.6531003703e+08,7.6539776762e+08
