access,rank,runtime-with-openclose,runtime,throughput-withopenclose,throughput
read,0,2.2241281199e+02,2.2241060114e+02,2.1829879045e+08,2.1830096044e+08
read,1,2.2241231799e+02,2.2241061306e+02,2.1829927532e+08,2.1830094874e+08
read,2,2.2241238499e+02,2.2241069984e+02,2.1829920956e+08,2.1830086356e+08
read,3,2.2241284204e+02,2.2241068697e+02,2.1829876097e+08,2.1830087619e+08
