access,rank,runtime-with-openclose,runtime,throughput-withopenclose,throughput
read,0,1.1142515182e+01,1.1141680956e+01,1.8941972772e+08,1.8943391041e+08
read,1,1.1142731190e+01,1.1141678810e+01,1.8941605573e+08,1.8943394689e+08
read,2,1.1142516136e+01,1.1141680956e+01,1.8941971151e+08,1.8943391041e+08
read,3,1.1142517090e+01,1.1141685009e+01,1.8941969530e+08,1.8943384150e+08
read,4,1.1142518044e+01,1.1141682863e+01,1.8941967908e+08,1.8943387798e+08
read,5,1.1142521143e+01,1.1141690016e+01,1.8941962640e+08,1.8943375637e+08
read,6,1.1142512083e+01,1.1141686201e+01,1.8941978041e+08,1.8943382123e+08
read,7,1.1142513037e+01,1.1141688108e+01,1.8941976420e+08,1.8943378880e+08
