access,rank,runtime-with-openclose,runtime,throughput-withopenclose,throughput
write,0,3.9662296200e+02,3.0087012601e+02,6.2049580567e+08,8.1797048985e+08
write,1,3.9681550694e+02,3.9657771897e+02,6.2019472538e+08,6.2056659408e+08
write,2,3.9682253408e+02,3.8487270284e+02,6.2018374264e+08,6.3943969665e+08
write,3,3.9662324905e+02,3.1829400492e+02,6.2049535659e+08,7.7319359005e+08
