access,rank,runtime-with-openclose,runtime,throughput-withopenclose,throughput
write,0,3.9672535586e+02,3.0145809197e+02,6.3926009458e+08,8.4128008258e+08
write,1,3.9674971199e+02,3.5158421993e+02,6.3922085095e+08,7.2133694897e+08
write,2,3.9694954991e+02,3.9667404008e+02,6.3889904540e+08,6.3934279254e+08
write,3,3.9695064306e+02,3.2767268300e+02,6.3889728596e+08,7.7397568265e+08
