access,rank,runtime-with-openclose,runtime,throughput-withopenclose,throughput
write,0,8.3565557003e+01,8.3552763939e+01,3.1417211758e+06,3.1422022160e+06
write,1,8.3565450191e+01,8.3552764893e+01,3.1417251914e+06,3.1422021801e+06
write,2,8.3565567017e+01,8.3552793980e+01,3.1417207993e+06,3.1422010862e+06
write,3,8.3565394878e+01,8.3552831888e+01,3.1417272710e+06,3.1421996606e+06
