access,rank,runtime-with-openclose,runtime,throughput-withopenclose,throughput
read,0,3.5095081329e+00,3.4482262135e+00,1.1759004862e+08,1.1967986044e+08
read,1,3.5092070103e+00,3.4482212067e+00,1.1760013895e+08,1.1968003422e+08
