access,rank,runtime-with-openclose,runtime,throughput-withopenclose,throughput
write,0,3.8188112307e+02,3.0090183496e+02,4.2248251594e+08,5.3618183380e+08
write,1,3.8183383107e+02,3.8163221312e+02,4.2253484248e+08,4.2275806947e+08
