access,rank,runtime-with-openclose,runtime,throughput-withopenclose,throughput
read,0,2.4607460499e+02,2.3859274316e+02,6.5564708586e+08,6.7620706115e+08
read,1,2.4607461786e+02,2.3859273314e+02,6.5564705155e+08,6.7620708953e+08
