access,rank,runtime-with-openclose,runtime,throughput-withopenclose,throughput
write,0,1.3924496260e+03,1.3924444420e+03,2.9637210877e+05,2.9637321213e+05
write,1,1.3924496350e+03,3.0031464005e+02,2.9637210684e+05,1.3741695441e+06
