access,rank,runtime-with-openclose,runtime,throughput-withopenclose,throughput
read,0,2.6284488201e+02,2.6284420300e+02,8.1705547742e+08,8.1705758816e+08
read,1,2.6284486508e+02,2.6284420991e+02,8.1705553004e+08,8.1705756666e+08
