access,rank,runtime-with-openclose,runtime,throughput-withopenclose,throughput
read,0,1.7582714701e+02,1.7582659793e+02,8.0289191563e+08,8.0289442293e+08
read,1,1.7582731700e+02,1.7582660389e+02,8.0289113938e+08,8.0289439571e+08
