access,rank,runtime-with-openclose,runtime,throughput-withopenclose,throughput
write,0,3.1051931500e+02,3.1051628280e+02,6.9161189074e+08,6.9161864436e+08
write,1,3.1051924896e+02,3.1030344892e+02,6.9161203783e+08,6.9209301834e+08
