access,rank,runtime-with-openclose,runtime,throughput-withopenclose,throughput
write,0,3.0403144312e+02,3.0104334688e+02,1.4419188015e+08,1.4562310000e+08
write,1,3.0403146005e+02,3.0310103106e+02,1.4419187212e+08,1.4463449779e+08
write,2,3.0403136802e+02,3.0401216292e+02,1.4419191577e+08,1.4420102468e+08
write,3,3.0403134680e+02,3.0001154613e+02,1.4419192583e+08,1.4612392747e+08
write,4,3.0403149605e+02,3.0258846188e+02,1.4419185505e+08,1.4487950114e+08
write,5,3.0403145289e+02,3.0308272314e+02,1.4419187551e+08,1.4464323454e+08
write,6,3.0403112698e+02,3.0236113691e+02,1.4419203009e+08,1.4498842628e+08
write,7,3.0403110695e+02,3.0037761784e+02,1.4419203958e+08,1.4594584551e+08
