access,rank,runtime-with-openclose,runtime,throughput-withopenclose,throughput
write,0,3.3275401807e+02,3.3275185108e+02,6.8720209933e+08,6.8720657461e+08
write,1,3.3275401306e+02,3.3231131291e+02,6.8720210967e+08,6.8811759001e+08
