access,rank,runtime-with-openclose,runtime,throughput-withopenclose,throughput
read,0,1.6633792305e+02,1.6633715487e+02,8.3522282205e+08,8.3522667931e+08
read,1,1.6633774209e+02,1.6633715391e+02,8.3522373070e+08,8.3522668410e+08
