access,rank,runtime-with-openclose,runtime,throughput-withopenclose,throughput
read,0,4.9455201864e+01,4.9454495907e+01,8.2745040832e+08,8.2746222008e+08
read,1,4.9455287933e+01,4.9454627991e+01,8.2744896827e+08,8.2746001009e+08
