access,rank,runtime-with-openclose,runtime,throughput-withopenclose,throughput
write,0,3.5530469418e+02,3.2983058786e+02,3.9101433722e+08,4.2121390379e+08
write,1,3.5530503416e+02,3.5530351210e+02,3.9101396306e+08,3.9101563811e+08
