access,rank,runtime-with-openclose,runtime,throughput-withopenclose,throughput
read,0,2.5182709694e+00,2.5182218552e+00,2.9782467714e+09,2.9783048577e+09
read,1,2.5182681084e+00,2.5182318687e+00,2.9782501550e+09,2.9782930147e+09
