access,rank,runtime-with-openclose,runtime,throughput-withopenclose,throughput
write,0,3.0089386940e+01,3.0080370903e+01,8.0521404787e+08,8.0545539595e+08
write,1,3.0089388132e+01,3.0019563913e+01,8.0521401597e+08,8.0708690925e+08
