access,rank,runtime-with-openclose,runtime,throughput-withopenclose,throughput
read,0,5.7350687981e+01,5.7348350048e+01,2.9236412169e+07,2.9237604057e+07
read,1,5.7350689173e+01,5.7348362923e+01,2.9236411562e+07,2.9237597493e+07
read,2,5.7350702047e+01,5.7348395109e+01,2.9236404998e+07,2.9237581083e+07
read,3,5.7350709915e+01,5.7348393917e+01,2.9236400988e+07,2.9237581691e+07
