access,rank,runtime-with-openclose,runtime,throughput-withopenclose,throughput
write,0,3.0648647094e+02,3.0001880407e+02,9.6146860276e+08,9.8219549900e+08
write,1,3.0648649096e+02,3.0272339797e+02,9.6146853993e+08,9.7342035981e+08
write,2,3.0648646116e+02,3.0645472097e+02,9.6146863342e+08,9.6156821484e+08
write,3,3.0648645520e+02,3.0107711291e+02,9.6146865212e+08,9.7874300748e+08
