access,rank,runtime-with-openclose,runtime,throughput-withopenclose,throughput
read,0,5.5231169009e+02,5.5230984402e+02,5.3353409725e+08,5.3353588057e+08
read,1,5.5231169391e+02,5.5230985713e+02,5.3353409357e+08,5.3353586790e+08
read,2,5.5231167793e+02,5.5230991912e+02,5.3353410900e+08,5.3353580802e+08
read,3,5.5231173706e+02,5.5230991507e+02,5.3353405188e+08,5.3353581194e+08
