access,rank,runtime-with-openclose,runtime,throughput-withopenclose,throughput
write,0,3.0108497405e+02,3.0079862309e+02,5.5689539383e+06,5.5742554098e+06
write,1,3.0090158987e+02,3.0089676881e+02,5.5723479318e+06,5.5724372137e+06
write,2,3.0090155005e+02,3.0002409196e+02,5.5723486692e+06,5.5886457019e+06
write,3,3.0108542585e+02,3.0000727797e+02,5.5689455816e+06,5.5889589192e+06
