access,rank,runtime-with-openclose,runtime,throughput-withopenclose,throughput
write,0,3.0834481597e+02,3.0301728582e+02,7.4151399653e+08,7.5455100252e+08
write,1,3.0834501505e+02,3.0579178691e+02,7.4151351778e+08,7.4770483246e+08
write,2,3.0834452605e+02,3.0828233290e+02,7.4151469373e+08,7.4166428757e+08
write,3,3.0834474206e+02,3.0009607291e+02,7.4151417427e+08,7.6189599744e+08
