access,rank,runtime-with-openclose,runtime,throughput-withopenclose,throughput
write,0,3.1962984490e+02,3.1814577198e+02,4.6128443170e+08,4.6343621178e+08
write,1,3.1963009191e+02,3.0006177187e+02,4.6128407523e+08,4.9136639580e+08
write,2,3.1963010001e+02,3.0630639791e+02,4.6128406353e+08,4.8134897725e+08
write,3,3.1962937999e+02,3.1023246694e+02,4.6128510266e+08,4.7525738623e+08
write,4,3.1963003898e+02,3.0483769894e+02,4.6128415161e+08,4.8366810232e+08
write,5,3.1963009095e+02,3.0661023998e+02,4.6128407661e+08,4.8087197404e+08
write,6,3.1963001895e+02,3.1824884200e+02,4.6128418052e+08,4.6328612049e+08
write,7,3.1963010502e+02,3.1958807707e+02,4.6128405630e+08,4.6134471822e+08
