access,rank,runtime-with-openclose,runtime,throughput-withopenclose,throughput
write,0,3.9128386307e+02,3.0123051405e+02,6.2227365255e+08,8.0830336669e+08
write,1,3.9140470004e+02,3.7130308414e+02,6.2208154023e+08,6.5575980664e+08
write,2,3.9140397406e+02,3.9126984692e+02,6.2208269408e+08,6.2229594377e+08
write,3,3.9128544092e+02,3.2724872184e+02,6.2227114324e+08,7.4403847107e+08
