access,rank,runtime-with-openclose,runtime,throughput-withopenclose,throughput
write,0,3.0728922081e+02,3.0581793904e+02,1.1962989561e+08,1.2020543178e+08
write,1,3.0728921008e+02,3.0726775312e+02,1.1962989979e+08,1.1963825372e+08
write,2,3.0729105997e+02,3.0019285297e+02,1.1962917962e+08,1.2245787015e+08
write,3,3.0729108787e+02,3.0001878285e+02,1.1962916876e+08,1.2252891988e+08
