access,rank,runtime-with-openclose,runtime,throughput-withopenclose,throughput
read,0,3.7231914401e+02,3.7231174803e+02,9.8735125495e+07,9.8737086871e+07
read,1,3.7231919909e+02,3.7231176591e+02,9.8735110890e+07,9.8737082129e+07
read,2,3.7231917810e+02,3.7231170392e+02,9.8735116453e+07,9.8737098568e+07
read,3,3.7231916499e+02,3.7231165695e+02,9.8735119931e+07,9.8737111024e+07
