access,rank,runtime-with-openclose,runtime,throughput-withopenclose,throughput
write,0,5.0053398705e+02,5.0051295900e+02,2.1171416356e+06,2.1172305830e+06
write,1,5.0053380990e+02,5.0051292014e+02,2.1171423849e+06,2.1172307474e+06
write,2,5.0053382206e+02,5.0051304197e+02,2.1171423334e+06,2.1172302320e+06
write,3,5.0053404903e+02,5.0051304388e+02,2.1171413734e+06,2.1172302240e+06
