access,rank,runtime-with-openclose,runtime,throughput-withopenclose,throughput
read,0,1.4909222817e+02,1.4907859683e+02,7.1076900317e+06,7.1083399397e+06
read,1,1.4909206700e+02,1.4907860899e+02,7.1076977152e+06,7.1083393599e+06
read,2,1.4909214497e+02,1.4907876587e+02,7.1076939985e+06,7.1083318796e+06
read,3,1.4909241104e+02,1.4907874799e+02,7.1076813139e+06,7.1083327322e+06
