access,rank,runtime-with-openclose,runtime,throughput-withopenclose,throughput
write,0,4.2060892701e+02,3.2926153803e+02,3.1759343424e+07,4.0570372841e+07
write,1,4.2060892415e+02,4.2060647917e+02,3.1759343640e+07,3.1759528256e+07
write,2,4.2060893416e+02,3.0806494117e+02,3.1759342884e+07,4.3361842180e+07
write,3,4.2060917306e+02,4.2060654116e+02,3.1759324845e+07,3.1759523576e+07
write,4,4.2060892797e+02,3.1484029698e+02,3.1759343352e+07,4.2428696352e+07
write,5,4.2060892510e+02,4.2060648012e+02,3.1759343568e+07,3.1759528184e+07
write,6,4.2060893416e+02,3.0976152706e+02,3.1759342884e+07,4.3124346289e+07
write,7,4.2060893106e+02,4.2060653806e+02,3.1759343118e+07,3.1759523810e+07
