access,rank,runtime-with-openclose,runtime,throughput-withopenclose,throughput
read,0,6.7864405155e+01,6.7863627911e+01,1.9683755172e+08,1.9683980611e+08
read,1,6.7864772081e+01,6.7863627911e+01,1.9683648748e+08,1.9683980611e+08
read,2,6.7864403963e+01,6.7863627911e+01,1.9683755518e+08,1.9683980611e+08
read,3,6.7864406109e+01,6.7863627911e+01,1.9683754896e+08,1.9683980611e+08
read,4,6.7864406109e+01,6.7863631010e+01,1.9683754896e+08,1.9683979712e+08
read,5,6.7864407063e+01,6.7863631010e+01,1.9683754619e+08,1.9683979712e+08
read,6,6.7864401102e+01,6.7863631964e+01,1.9683756348e+08,1.9683979436e+08
read,7,6.7864406109e+01,6.7863643885e+01,1.9683754896e+08,1.9683975978e+08
