access,rank,runtime-with-openclose,runtime,throughput-withopenclose,throughput
write,0,3.1461131811e+02,3.1262604618e+02,1.7939803347e+08,1.8053726638e+08
write,1,3.1461130595e+02,3.1285413003e+02,1.7939804040e+08,1.8040564710e+08
write,2,3.1461156702e+02,3.0885424614e+02,1.7939789154e+08,1.8274202955e+08
write,3,3.1461129308e+02,3.1329974818e+02,1.7939804774e+08,1.8014904928e+08
write,4,3.1461130595e+02,3.1218809700e+02,1.7939804040e+08,1.8079053083e+08
write,5,3.1461132383e+02,3.1212157393e+02,1.7939803021e+08,1.8082906307e+08
write,6,3.1461117601e+02,3.1454169607e+02,1.7939811450e+08,1.7943774222e+08
write,7,3.1461120605e+02,3.1460106421e+02,1.7939809737e+08,1.7940388065e+08
