access,rank,runtime-with-openclose,runtime,throughput-withopenclose,throughput
read,0,4.5286363125e+01,4.5285918951e+01,7.5998390741e+08,7.5999136149e+08
read,1,4.5286514997e+01,4.5285918951e+01,7.5998135873e+08,7.5999136149e+08
