access,rank,runtime-with-openclose,runtime,throughput-withopenclose,throughput
write,0,3.0198226404e+02,3.0172275591e+02,5.6635513659e+06,5.6684225187e+06
write,1,3.0179449201e+02,3.0172275186e+02,5.6670751432e+06,5.6684225948e+06
write,2,3.0179457808e+02,3.0172284508e+02,5.6670735270e+06,5.6684208435e+06
write,3,3.0198121691e+02,3.0172286105e+02,5.6635710046e+06,5.6684205434e+06
