access,rank,runtime-with-openclose,runtime,throughput-withopenclose,throughput
read,0,5.9206813812e+01,5.9183690786e+01,2.8886743837e+07,2.8898029867e+07
read,1,5.9206811905e+01,5.9183707952e+01,2.8886744768e+07,2.8898021485e+07
read,2,5.9206768990e+01,5.9183673859e+01,2.8886765706e+07,2.8898038133e+07
read,3,5.9206837893e+01,5.9183732986e+01,2.8886732088e+07,2.8898009262e+07
