access,rank,runtime-with-openclose,runtime,throughput-withopenclose,throughput
read,0,5.5981495309e+02,5.5980603409e+02,5.2395182678e+08,5.2396017454e+08
read,1,5.5981497097e+02,5.5980604792e+02,5.2395181004e+08,5.2396016159e+08
read,2,5.5981498098e+02,5.5980607104e+02,5.2395180067e+08,5.2396013995e+08
read,3,5.5981504607e+02,5.5980607104e+02,5.2395173975e+08,5.2396013995e+08
