access,rank,runtime-with-openclose,runtime,throughput-withopenclose,throughput
write,0,3.0435219216e+02,3.0430567718e+02,9.6373896716e+08,9.6388628057e+08
write,1,3.0435242987e+02,3.0208729792e+02,9.6373821447e+08,9.7096458325e+08
write,2,3.0435229087e+02,3.0267825818e+02,9.6373865461e+08,9.6906883597e+08
write,3,3.0435266900e+02,3.0005675697e+02,9.6373745724e+08,9.7753528461e+08
