access,rank,runtime-with-openclose,runtime,throughput-withopenclose,throughput
write,0,5.9563804197e+02,5.9563569498e+02,7.7946850336e+07,7.7947157471e+07
write,1,5.9563782811e+02,5.4483573699e+02,7.7946878322e+07,8.5214875163e+07
write,2,5.9563901997e+02,3.0178347588e+02,7.7946722353e+07,1.5384576368e+08
write,3,5.9563807702e+02,3.0176372910e+02,7.7946845749e+07,1.5385583102e+08
