access,rank,runtime-with-openclose,runtime,throughput-withopenclose,throughput
write,0,5.3784007311e+02,3.0934252596e+02,8.4876855040e+07,1.4757160781e+08
write,1,5.3783968711e+02,3.0934253788e+02,8.4876915955e+07,1.4757160212e+08
write,2,5.3783968592e+02,5.1806110787e+02,8.4876916143e+07,8.8117353776e+07
write,3,5.3783989382e+02,5.3783730507e+02,8.4876883334e+07,8.4877291868e+07
