access,rank,runtime-with-openclose,runtime,throughput-withopenclose,throughput
write,0,3.2975430202e+02,3.2975087619e+02,7.7201533648e+08,7.7202335707e+08
write,1,3.2975431395e+02,3.2861758709e+02,7.7201530857e+08,7.7468580025e+08
write,2,3.2975439191e+02,3.2728042698e+02,7.7201512604e+08,7.7785091147e+08
write,3,3.2975435781e+02,3.2655413294e+02,7.7201520586e+08,7.7958094158e+08
