access,rank,runtime-with-openclose,runtime,throughput-withopenclose,throughput
read,0,2.4140049601e+02,2.4139916396e+02,1.8910555146e+08,1.8910659495e+08
read,1,2.4139996409e+02,2.4139917803e+02,1.8910596814e+08,1.8910658393e+08
read,2,2.4140003395e+02,2.4139929390e+02,1.8910591342e+08,1.8910649316e+08
read,3,2.4140043092e+02,2.4139926696e+02,1.8910560245e+08,1.8910651426e+08
