access,rank,runtime-with-openclose,runtime,throughput-withopenclose,throughput
read,0,3.1123538589e+02,3.1123356795e+02,8.1795126766e+08,8.1795604538e+08
read,1,3.1123531795e+02,3.1123357987e+02,8.1795144623e+08,8.1795601405e+08
read,2,3.1123523712e+02,3.1123363090e+02,8.1795165864e+08,8.1795587996e+08
read,3,3.1123529220e+02,3.1123360896e+02,8.1795151390e+08,8.1795593761e+08
