access,rank,runtime-with-openclose,runtime,throughput-withopenclose,throughput
write,0,4.5286290169e+01,4.5267535925e+01,7.4519337032e+06,7.4550210235e+06
write,1,4.5286283970e+01,4.5267534971e+01,7.4519347232e+06,7.4550211805e+06
write,2,4.5286261797e+01,4.5267532825e+01,7.4519383718e+06,7.4550215339e+06
write,3,4.5286278009e+01,4.5267537117e+01,7.4519357040e+06,7.4550208271e+06
write,4,4.5286261797e+01,4.5267532825e+01,7.4519383718e+06,7.4550215339e+06
write,5,4.5286291838e+01,4.5267534971e+01,7.4519334285e+06,7.4550211805e+06
write,6,4.5286263943e+01,4.5267522812e+01,7.4519380187e+06,7.4550231830e+06
write,7,4.5287136078e+01,4.5267533064e+01,7.4517945100e+06,7.4550214946e+06
