access,rank,runtime-with-openclose,runtime,throughput-withopenclose,throughput
read,0,1.7172514105e+02,1.7171335101e+02,7.6061331499e+06,7.6066553958e+06
read,1,1.7172500205e+02,1.7171336293e+02,7.6061393065e+06,7.6066548677e+06
read,2,1.7172505403e+02,1.7171350193e+02,7.6061370044e+06,7.6066487103e+06
read,3,1.7172522521e+02,1.7171347308e+02,7.6061294222e+06,7.6066499883e+06
