access,rank,runtime-with-openclose,runtime,throughput-withopenclose,throughput
write,0,3.0489107490e+02,3.0480776596e+02,1.5327060011e+08,1.5331249146e+08
write,1,3.0489111805e+02,3.0487160897e+02,1.5327057841e+08,1.5328038637e+08
write,2,3.0489106107e+02,3.0116127110e+02,1.5327060706e+08,1.5516881651e+08
write,3,3.0489105606e+02,3.0001610684e+02,1.5327060957e+08,1.5576109732e+08
