access,rank,runtime-with-openclose,runtime,throughput-withopenclose,throughput
write,0,5.7657809901e+02,5.7655885696e+02,2.2653727053e+06,2.2654483098e+06
write,1,5.7657791495e+02,5.7655883789e+02,2.2653734285e+06,2.2654483847e+06
write,2,5.7657794690e+02,5.7655893111e+02,2.2653733030e+06,2.2654480184e+06
write,3,5.7657809901e+02,5.7655892420e+02,2.2653727053e+06,2.2654480456e+06
