access,rank,runtime-with-openclose,runtime,throughput-withopenclose,throughput
write,0,3.1044008803e+02,3.1042936993e+02,1.4839622768e+08,1.4840135131e+08
write,1,3.1044006515e+02,3.0583085012e+02,1.4839623862e+08,1.5063273690e+08
write,2,3.1044026303e+02,3.0001173902e+02,1.4839614402e+08,1.5355445135e+08
write,3,3.1044025302e+02,3.0491993093e+02,1.4839614881e+08,1.5108273783e+08
