access,rank,runtime-with-openclose,runtime,throughput-withopenclose,throughput
read,0,4.6643885088e+02,4.6643149495e+02,1.0018641871e+08,1.0018799871e+08
read,1,4.6643884087e+02,4.6643151093e+02,1.0018642086e+08,1.0018799528e+08
read,2,4.6643923211e+02,4.6643162394e+02,1.0018633682e+08,1.0018797101e+08
read,3,4.6643934202e+02,4.6643159795e+02,1.0018631322e+08,1.0018797659e+08
