access,rank,runtime-with-openclose,runtime,throughput-withopenclose,throughput
write,0,4.3371289968e+01,4.3369131088e+01,1.4633717680e+08,1.4634446134e+08
write,1,4.3371068001e+01,4.3172597170e+01,1.4633792573e+08,1.4701066288e+08
write,2,4.3371172190e+01,4.2177800894e+01,1.4633757419e+08,1.5047802383e+08
write,3,4.3371660948e+01,4.1957574129e+01,1.4633592510e+08,1.5126785234e+08
