access,rank,runtime-with-openclose,runtime,throughput-withopenclose,throughput
write,0,3.2555817699e+02,3.2555489016e+02,7.0479414644e+08,7.0480126212e+08
write,1,3.2555819607e+02,3.2547193193e+02,7.0479410515e+08,7.0498090606e+08
