access,rank,runtime-with-openclose,runtime,throughput-withopenclose,throughput
read,0,2.0008301401e+02,2.0008256006e+02,7.9064300824e+08,7.9064480206e+08
read,1,2.0008322501e+02,2.0008256102e+02,7.9064217446e+08,7.9064479829e+08
