access,rank,runtime-with-openclose,runtime,throughput-withopenclose,throughput
write,0,3.4547853303e+02,3.1578070498e+02,4.5789888798e+08,5.0096232481e+08
write,1,3.4547873902e+02,3.4547717094e+02,4.5789861496e+08,4.5790069330e+08
