access,rank,runtime-with-openclose,runtime,throughput-withopenclose,throughput
read,0,2.8309884095e+02,2.8309786296e+02,8.1049960042e+08,8.1050240038e+08
read,1,2.8309890103e+02,2.8309786391e+02,8.1049942841e+08,8.1050239765e+08
