access,rank,runtime-with-openclose,runtime,throughput-withopenclose,throughput
read,0,5.3149721622e+00,5.3149290085e+00,1.5367053175e+09,1.5367177945e+09
read,1,5.3149781227e+00,5.3149368763e+00,1.5367035942e+09,1.5367155197e+09
