access,rank,runtime-with-openclose,runtime,throughput-withopenclose,throughput
write,0,3.0276097584e+02,3.0011839914e+02,1.0568639496e+09,1.0661697571e+09
write,1,3.0276096296e+02,3.0273974609e+02,1.0568639945e+09,1.0569380626e+09
