access,rank,runtime-with-openclose,runtime,throughput-withopenclose,throughput
write,0,3.0855947113e+02,3.0393580389e+02,9.6349129580e+08,9.7814854606e+08
write,1,3.0855934405e+02,3.0008816504e+02,9.6349169261e+08,9.9069006813e+08
write,2,3.0855913687e+02,3.0852630615e+02,9.6349233956e+08,9.6359486612e+08
write,3,3.0855967999e+02,3.0672943187e+02,9.6349064365e+08,9.6923977221e+08
